{"cameraMode":{"drawMode":0,"name":"Shaded","section":"Shading Mode"},"sceneLighting":true,"audioPlay":false,"sceneViewState":{"m_AlwaysRefresh":false,"showFog":true,"showSkybox":true,"showFlares":true,"showImageEffects":true,"showParticleSystems":true,"showVisualEffectGraphs":true,"m_FxEnabled":true},"in2DMode":false,"pivot":{"x":-0.08891177177429199,"y":-10.572686195373536,"z":30.99399185180664},"rotation":{"x":-0.1896253377199173,"y":-0.017086241394281389,"z":0.003300465876236558,"w":-0.9817014336585999},"size":18.911657333374025,"orthographic":false}